Labels,LOINC,units,Normal_Min,Normal_Max,fluid,category,
Absolute Neutrophil Count (ANC),751-8,/µL,2000,8250,Blood,Hematology,
Activated Partial Thromboplastin Time (aPTT),14979-9,sec,25,35,Blood,Hematology,
D-dimer (Quantitative),48065-7,µg/mL,0,0.5,Blood,Hematology,
Erythrocyte Count (RBC),789-8,million/µL,4.2,5.9,Blood,Hematology,
ESR (Male),30341-2,mm/hr,0,15,Blood,Hematology,
ESR (Female),30341-2,mm/hr,0,20,Blood,Hematology,
Hematocrit (Male),4544-3,%,42,50,Blood,Hematology,
Hematocrit (Female),4544-3,%,37,47,Blood,Hematology,
Hemoglobin (Male),718-7,g/dL,14,18,Blood,Hematology,
Hemoglobin (Female),718-7,g/dL,12,16,Blood,Hematology,
Leukocyte Count (WBC),6690-2,/µL,4000,11000,Blood,Hematology,
MCV,787-2,fL,80,98,Blood,Hematology,
MCH,785-6,pg,28,32,Blood,Hematology,
MCHC,786-4,g/dL,33,36,Blood,Hematology,
Platelet Count,777-3,/µL,150000,450000,Blood,Hematology,
Prothrombin Time (PT),5902-2,sec,11,13,Blood,Hematology,
Reticulocyte Count (Absolute),14196-0,/µL,25000,100000,Blood,Hematology,
Neutrophils %,770-8,%,40,70,Blood,Hematology,
Lymphocytes %,731-0,%,20,45,Blood,Hematology,
Monocytes %,742-7,%,2,10,Blood,Hematology,
Eosinophils %,711-2,%,1,4,Blood,Hematology,
Basophils %,704-7,%,0.5,1,Blood,Hematology,
RDW-CV,788-0,%,11.5,14.5,Blood,Hematology,
MPV,32623-1,fL,7.5,11.5,Blood,Hematology,
Immature Granulocytes (IG),53115-2,%,0,0.5,Blood,Hematology,
Nucleated RBC (NRBC),58413-6,/100 WBC,0,0,Blood,Hematology,
Albumin (Serum),1751-7,g/dL,3.5,5.5,Serum,Chemistry,
Alkaline Phosphatase,6768-6,U/L,30,120,Serum,Chemistry,
ALT (SGPT),1742-6,U/L,10,40,Serum,Chemistry,
AST (SGOT),1920-8,U/L,10,40,Serum,Chemistry,
Ammonia,14616-7,µg/dL,40,70,Plasma,Chemistry,
Amylase (Serum),1798-8,U/L,25,125,Serum,Chemistry,
Bilirubin (Total),1975-2,mg/dL,0.3,1,Serum,Chemistry,
Bilirubin (Direct),1968-7,mg/dL,0.1,0.3,Serum,Chemistry,
BUN,3094-0,mg/dL,8,20,Blood,Chemistry,
Calcium (Total),17861-6,mg/dL,8.6,10.2,Serum,Chemistry,
Chloride,2075-0,mEq/L,98,106,Serum,Chemistry,
Bicarbonate (CO2),1963-8,mEq/L,23,28,Serum,Chemistry,
Creatinine (Male),2160-0,mg/dL,0.7,1.3,Serum,Chemistry,
Creatinine (Female),2160-0,mg/dL,0.5,1.1,Serum,Chemistry,
Sodium,2951-2,mEq/L,136,145,Serum,Chemistry,
Potassium,2823-3,mEq/L,3.5,5,Serum,Chemistry,
Glucose (Fasting),2345-7,mg/dL,70,99,Plasma,Chemistry,
Magnesium,19123-1,mg/dL,1.6,2.6,Serum,Chemistry,
Phosphorus,2777-1,mg/dL,3,4.5,Serum,Chemistry,
Ferritin (Male),2276-4,ng/mL,24,336,Serum,Chemistry,
Ferritin (Female),2276-4,ng/mL,24,307,Serum,Chemistry,
Iron (Serum),2498-4,µg/dL,50,150,Serum,Chemistry,
TIBC,2500-7,µg/dL,250,310,Serum,Chemistry,
Triglycerides,14749-6,mg/dL,0,150,Serum,Chemistry,
Troponin I (Cardiac),10839-9,ng/mL,0,0.04,Serum,Chemistry,
Troponin T (Cardiac),14890-5,ng/mL,0,0.01,Serum,Chemistry,
Anion Gap (Corrected),10466-1,mEq/L,7,13,Serum,Chemistry,
Lactic Acid,2524-7,mmol/L,0.5,2.2,Blood,Chemistry,
Procalcitonin,33959-8,ng/mL,0,0.1,Serum,Chemistry,
C-Reactive Protein (CRP),1988-5,mg/L,0,0.8,Serum,Chemistry,
pH (Arterial),2744-1,unit,7.38,7.44,Blood,Blood Gas,
PaCO2,2019-8,mm Hg,38,42,Blood,Blood Gas,
PaO2,2703-7,mm Hg,75,100,Blood,Blood Gas,
Oxygen Saturation (Arterial),2708-6,%,95,100,Blood,Blood Gas,
TSH,11580-8,µIU/mL,0.5,4,Serum,Endocrine,
Free T4,3024-7,ng/dL,0.8,1.8,Serum,Endocrine,
HbA1c,4548-4,%,4,5.6,Blood,Endocrine,
ACTH,2141-0,pg/mL,10,60,Plasma,Endocrine,
Insulin (Fasting),20448-7,µU/mL,0,20,Serum,Endocrine,
C-Peptide,1982-8,ng/mL,0.8,3.1,Serum,Endocrine,
Cortisol (8 AM),2141-0,µg/dL,5,25,Plasma,Endocrine,
Testosterone (Male),2991-8,ng/dL,291,1100,Serum,Endocrine,
Testosterone (Female),2991-8,ng/dL,18,54,Serum,Endocrine,
Uric Acid (Urine 24h),3087-4,mg/24h,250,750,Urine,Urine,
Albumin-Creatinine Ratio (Urine),9318-7,mg/g,0,30,Urine,Urine,
eGFR (Healthy Kidney),88293-4,mL/min/1.73m2,90,200,Blood,Chemistry,
FEV1,19868-9,% pred,80,100,Lungs,Pulmonary,
FVC,19870-5,% pred,80,100,Lungs,Pulmonary,
FEV1/FVC Ratio,19911-7,ratio,0.7,1,Lungs,Pulmonary,
CSF WBC Count,606-2,/µL,0,5,CSF,Cerebrospinal Fluid,
CSF Glucose,2342-4,mg/dL,50,75,CSF,Cerebrospinal Fluid,
CSF Protein,2883-9,mg/dL,15,45,CSF,Cerebrospinal Fluid,
Cardiac Index,8590-3,L/min/m2,2.5,4.2,,Hemodynamic,
LVEF,10230-1,%,55,100,Heart,Hemodynamic,
PA Systolic Pressure,21213-4,mm Hg,20,25,,Hemodynamic,
PA Diastolic Pressure,21214-2,mm Hg,5,10,,Hemodynamic,
PA Mean Pressure,21215-9,mm Hg,9,16,,Hemodynamic,
PCWP,21216-7,mm Hg,6,12,,Hemodynamic,
Right Atrium (Mean),21217-5,mm Hg,0,5,,Hemodynamic,
Hepatitis A IgM Ab,13951-9,Boolean,0,0,Serum,Infectious,
Hepatitis B Surface Ag (HBsAg),5196-8,Boolean,0,0,Serum,Infectious,
Hepatitis C Antibody,13955-0,Boolean,0,0,Serum,Infectious,
HIV 1/2 Combo Ag/Ab,56888-1,Boolean,0,0,Serum,Infectious,
Syphilis RPR (Screen),20507-0,Boolean,0,0,Serum,Infectious,
Urine Nitrite,580-1,Boolean,0,0,Urine,Urinalysis,
Urine Leukocyte Esterase,579-3,Boolean,0,0,Urine,Urinalysis,
Urine Bilirubin,577-7,Boolean,0,0,Urine,Urinalysis,
Urine Specific Gravity,2514-8,unit,1.002,1.03,Urine,Urinalysis,
Urine pH,573-0,unit,4.5,8,Urine,Urinalysis,
Urobilinogen (Urine),585-0,mg/dL,0.2,1,Urine,Urinalysis,
Urine Protein,20454-5,mg/dL,0,0,Urine,Urinalysis,
Urine Glucose,25428-4,mg/dL,0,0,Urine,Urinalysis,
PSA (Prostate Specific Ag),2857-1,ng/mL,0,4,Serum,Tumor Marker,
CEA (Non-smoker),1917-0,ng/mL,0,2.5,Serum,Tumor Marker,
CA-125 (Ovarian),10334-1,U/mL,0,35,Serum,Tumor Marker,
CA-19-9 (Pancreatic),24108-3,U/mL,0,37,Serum,Tumor Marker,
Kappa Free Light Chain,33944-0,mg/L,3.3,19.4,Serum,Myeloma,
Lambda Free Light Chain,33947-3,mg/L,5.7,26.3,Serum,Myeloma,
Kappa/Lambda Ratio,48375-0,ratio,0.26,1.65,Serum,Myeloma,
Lithium Level,3763-0,mmol/L,0.6,1.2,Serum,Toxicology,
Valproic Acid Level,4086-5,µg/mL,50,100,Serum,Toxicology,
Digoxin Level,3557-6,ng/mL,0.8,2,Serum,Toxicology,
Anti-CCP Antibodies,33935-0,U/mL,0,20,Serum,Immunology,
Soluble Liver Antigen (SLA),38420-6,U/mL,0,20,Serum,Immunology,
Mitochondrial Antibody (M2),49781-8,U/mL,0,20,Serum,Immunology,
Factor VIII Activity,3209-4,%,50,150,Plasma,Hematology,
vWF Antigen,27815-0,%,50,150,Plasma,Hematology,
INR (Non-anticoagulated),6301-6,ratio,0.8,1.1,Blood,Hematology,
Haptoglobin,2392-9,mg/dL,83,267,Serum,Chemistry,
LDH (Lactate Dehydrogenase),2532-0,U/L,80,225,Serum,Chemistry,
Vitamin B12,1912-3,pg/mL,200,800,Serum,Metabolic,
Vitamin D (25-OH),62292-8,ng/mL,30,100,Serum,Metabolic,
1,25-Dihydroxyvitamin D,16415-2,pg/mL,15,60,Serum,Metabolic
Aldosterone (Supine),1768-3,ng/dL,0,10,Plasma,Endocrine,
Androstenedione (Female),1855-6,ng/dL,30,200,Serum,Endocrine,
Androstenedione (Male),1855-6,ng/dL,40,150,Serum,Endocrine,
ADAMTS13 Activity,50058-7,%,60,100,Plasma,Hematology,
Apolipoprotein A-1 (Male),1869-7,mg/dL,120,300,Serum,Lipids,
Apolipoprotein A-1 (Female),1869-7,mg/dL,140,300,Serum,Lipids,
Apolipoprotein B,1871-3,mg/dL,0,90,Serum,Lipids,
C-Peptide,1982-8,ng/mL,0.8,3.1,Serum,Endocrine,
Progesterone (Female Luteal),2831-6,ng/mL,2,25,Serum,Endocrine,
LH (Female Post-menopausal),10501-5,mIU/mL,14,95,Serum,Endocrine,
FSH (Male),15067-2,mIU/mL,1.5,12.4,Serum,Endocrine,
Growth Hormone,2360-8,ng/mL,0,5,Serum,Endocrine,
Procalcitonin,33959-8,ng/mL,0,0.1,Serum,Chemistry,
Ceruloplasmin,2012-3,mg/dL,25,43,Serum,Chemistry,
Complement C3,4485-9,mg/dL,100,233,Serum,Immunology,
Complement C4,4498-2,mg/dL,14,48,Serum,Immunology,
Zinc,3114-1,µg/dL,75,140,Serum,Chemistry,
Fecal Calprotectin,38445-3,µg/g,0,50,Stool,Gastroenterology,
Fecal Occult Blood (FIT),58453-2,binary,0,0,Stool,Gastroenterology,
pH (Venous Blood Gas),2746-6,unit,7.31,7.41,Blood,Blood Gas,
PvCO2 (Venous),2021-4,mm Hg,42,53,Blood,Blood Gas,
PvO2 (Venous),2705-2,mm Hg,35,42,Blood,Blood Gas,
Anti-dsDNA Antibody,11566-7,IU/mL,0,30,Serum,Immunology,
Anti-Smith (Sm) Antibody,11574-1,U/mL,0,20,Serum,Immunology,
Anti-Ro (SSA) Antibody,11569-1,U/mL,0,20,Serum,Immunology,
Anti-La (SSB) Antibody,11568-3,U/mL,0,20,Serum,Immunology,
Vitamin A (Retinol),24316-2,µg/dL,32.5,78,Serum,Metabolic,
Vitamin E (Alpha-tocopherol),2242-3,mg/L,5.5,17,Serum,Metabolic,
Vitamin B1 (Thiamine),6136-6,nmol/L,70,180,Blood,Metabolic,
Vitamin B6 (Pyridoxal 5-phosphate),30552-4,nmol/L,20,125,Plasma,Metabolic,
N-telopeptide (NTx),21216-7,nmol BCE,11,68,Urine,Bone,
Osteocalcin,21216-7,ng/mL,11,35,Serum,Bone,
AChR Binding Ab (Myasthenia),11034-6,nmol/L,0,0.5,Serum,Neurology,
Aquaporin-4 Ab (NMO),49444-3,U/mL,0,3,Serum,Neurology,
hCG (Pregnancy - 1st Trimester),19080-1,mIU/mL,5000,200000,Serum,OB/GYN,
Fecal Fat (72-hour),2262-4,g/24h,0,7,Stool,Gastroenterology,
Gamma-Glutamyl Transferase (GGT),2324-2,U/L,0,65,Serum,Biochemistry,
Direct Bilirubin,1968-7,mg/dL,0,0.3,Serum,Biochemistry,
Indirect Bilirubin,1971-1,mg/dL,0.2,0.8,Serum,Biochemistry,
Uric Acid (Serum),3084-1,mg/dL,3.5,7.2,Serum,Chemistry,
Lactate Dehydrogenase (LDH),2532-0,U/L,140,280,Serum,Chemistry,
Haptoglobin,2392-9,mg/dL,30,200,Serum,Metabolic,
Cystatin C,33863-2,mg/L,0.6,1,Serum,Metabolic,
Homocysteine,13965-9,µmol/L,0,15,Serum,Metabolic,
Renin Activity (Plasma),2891-7,ng/mL/h,0.6,4.3,Plasma,Endocrine,
Aldosterone/Renin Ratio,31835-2,ratio,0,20,Plasma,Endocrine,
IGF-1 (Insulin-like Growth Factor),2484-4,ng/mL,100,500,Serum,Endocrine,
17-OH Progesterone,1668-3,ng/dL,0,200,Serum,Endocrine,
Complement C3,4485-9,mg/dL,80,160,Serum,Immunology,
Complement C4,4498-2,mg/dL,16,48,Serum,Immunology,
Tissue Transglutaminase (tTG) IgA,31017-7,U/mL,0,15,Serum,Immunology,
Hepatitis B Surface Ab (HBsAb),16935-9,mIU/mL,10,1000,Serum,Infectious Disease,
Hepatitis B Core Ab (HBcAb),13952-7,Boolean,0,0,Serum,Infectious Disease,
HIV-1 Viral Load (PCR),20447-9,log copies/mL,0,0,Blood,Infectious Disease,
VMA (Vanillylmandelic Acid),3119-5,mg/24h,0,8,Urine,Urine,
5-HIAA (24h Urine),1911-3,mg/24h,2,9,Urine,Urine,
Fractionated Metanephrines (Urine),19053-8,µg/24h,0,1000,Urine,Urine,
Cyclosporine (Trough),3520-4,ng/mL,100,400,Blood,Toxicology/TDM,
Tacrolimus (Trough),7405-1,ng/mL,5,15,Blood,Toxicology/TDM,
Aspirin (Salicylate) Level,4024-6,mg/dL,0,20,Serum,Toxicology,
Labels,LOINC,units,Normal_Min,Normal_Max,fluid,category,
HDL Cholesterol,2085-9,mg/dL,40,60,Serum,Chemistry,
LDL Cholesterol,13457-7,mg/dL,0,100,Serum,Chemistry,
Total Cholesterol,2093-3,mg/dL,125,200,Serum,Chemistry,
BNP (B-type Natriuretic Peptide),30934-4,pg/mL,0,100,Plasma,Chemistry,
NT-proBNP,33762-6,pg/mL,0,125,Serum,Chemistry,
Creatine Kinase (CK) - Male,2157-6,U/L,55,170,Serum,Chemistry,
Creatine Kinase (CK) - Female,2157-6,U/L,30,135,Serum,Chemistry,
CK-MB,13969-1,ng/mL,0,5,Serum,Chemistry,
Myoglobin,2639-9,ng/mL,0,85,Serum,Chemistry,
Lipase,3040-3,U/L,0,160,Serum,Chemistry,
Ionized Calcium,12107-1,mg/dL,4.5,5.6,Blood,Chemistry,
Osmolality (Serum),2692-2,mOsm/kg,275,295,Serum,Chemistry,
Osmolality (Urine),2695-5,mOsm/kg,50,1200,Urine,Urine,
ANA (Antinuclear Antibody),42250-1,Titer,0,1:40,Serum,Immunology,
Rheumatoid Factor (RF),11572-5,IU/mL,0,14,Serum,Immunology,
ASO Titer (Antistreptolysin O),1794-7,IU/mL,0,200,Serum,Immunology,
Prolactin (Female),2842-1,ng/mL,4,23,Serum,Endocrine,
Prolactin (Male),2842-1,ng/mL,3,15,Serum,Endocrine,
PTH (Parathyroid Hormone),2731-8,pg/mL,10,65,Serum,Endocrine,
Estradiol (Male),2243-1,pg/mL,10,40,Serum,Endocrine,
Estradiol (Female Follicular),2243-1,pg/mL,20,160,Serum,Endocrine,
AFP (Alpha-Fetoprotein),1834-1,ng/mL,0,10,Serum,Tumor Marker,
Beta-2 Microglobulin,1916-2,mg/L,1.1,2.4,Serum,Tumor Marker,
Chromogranin A,9830-1,ng/mL,25,140,Serum,Tumor Marker,
Vitamin B9 (Folate),2284-8,ng/mL,4.5,32.2,Serum,Metabolic,
Lead (Adult),10312-7,g/dL,0,5,Blood,Toxicology,
Carbamazepine Level,3432-2,g/mL,4,12,Serum,Toxicology,
Phenytoin Level,3968-3,g/mL,10,20,Serum,Toxicology,
Theophylline Level,4134-3,g/mL,10,20,Serum,Toxicology,
Vancomycin (Trough),4092-3,g/mL,10,20,Serum,Toxicology,
Transferrin Saturation,2502-3,%,15,50,Serum,Chemistry,
Transferrin,3034-6,mg/dL,200,360,Serum,Chemistry,
DHEA-S (Male),2191-5,g/dL,80,560,Serum,Endocrine,
DHEA-S (Female),2191-5,g/dL,35,430,Serum,Endocrine,
Factor V Activity,3205-2,%,50,150,Plasma,Coagulation,
Factor VII Activity,3207-8,%,50,150,Plasma,Coagulation,
Factor IX Activity,3211-0,%,50,150,Plasma,Coagulation,
Factor X Activity,3213-6,%,50,150,Plasma,Coagulation,
Factor XI Activity,3215-1,%,50,150,Plasma,Coagulation,
Factor XII Activity,3217-7,%,50,150,Plasma,Coagulation,
Protein C Activity,27818-4,%,70,140,Plasma,Coagulation,
Protein S (Free),30237-2,%,60,140,Plasma,Coagulation,
Antithrombin III Activity,3173-2,%,80,120,Plasma,Coagulation,
Fibrinogen,3255-7,mg/dL,200,400,Plasma,Coagulation,
Bleeding Time (Ivy),3179-9,min,2,9,Blood,Coagulation,
Lipoprotein(a),43583-4,nmol/L,0,75,Serum,Cardiovascular,
Prealbumin (Transthyretin),1929-1,mg/dL,15,36,Serum,Nutrition,
Vitamin C (Ascorbic Acid),2101-4,mg/dL,0.4,1.5,Plasma,Metabolic,
Vitamin K1,2244-9,ng/mL,0.1,2.2,Serum,Metabolic,
Vitamin B2 (Riboflavin),2924-9,g/L,6.2,39,Blood,Metabolic,
Vitamin B3 (Niacin),2676-1,g/mL,0.5,8,Serum,Metabolic,
Vitamin B5 (Pantothenic Acid),2722-7,ng/mL,1.6,6.3,Blood,Metabolic,
Vitamin B7 (Biotin),1902-1,pg/mL,221,700,Serum,Metabolic,
Amikacin (Peak),3321-7,g/mL,20,30,Serum,Toxicology/TDM,
Amikacin (Trough),3324-1,g/mL,0,5,Serum,Toxicology/TDM,
Gentamicin (Peak),3658-2,g/mL,5,10,Serum,Toxicology/TDM,
Gentamicin (Trough),3662-4,g/mL,0,2,Serum,Toxicology/TDM,
Tobramycin (Peak),4061-8,g/mL,5,10,Serum,Toxicology/TDM,
Tobramycin (Trough),4065-9,g/mL,0,2,Serum,Toxicology/TDM,
Phenobarbital Level,3948-5,g/mL,15,40,Serum,Toxicology/TDM,
Ethosuximide Level,3593-1,g/mL,40,100,Serum,Toxicology/TDM,
Acetaminophen Level,13190-4,g/mL,10,30,Serum,Toxicology/TDM,
Methotrexate Level,3795-2,mol/L,0,0.01,Serum,Toxicology/TDM,
Sirolimus (Trough),29221-1,ng/mL,4,12,Blood,Toxicology/TDM,
Lidocaine Level,3752-3,g/mL,1.5,5,Serum,Toxicology/TDM,
Anti-Thyroglobulin Ab,11571-7,IU/mL,0,116,Serum,Endocrine,
Anti-TPO Antibodies,11581-6,IU/mL,0,34,Serum,Endocrine,
SHBG,13967-5,nmol/L,10,80,Serum,Endocrine,
Pregnenolone,2839-9,ng/dL,33,248,Serum,Endocrine,
DHEA (Unconjugated),2190-7,ng/dL,130,950,Serum,Endocrine,
ANCA-C (PR3-Ab),35345-8,U/mL,0,3.5,Serum,Immunology,
ANCA-P (MPO-Ab),35346-6,U/mL,0,3.5,Serum,Immunology,
Anti-Centromere Ab,11561-8,Index,0,1,Serum,Immunology,
Anti-Scl-70 Ab,11573-3,U/mL,0,20,Serum,Immunology,
Anti-Jo-1 Ab,11567-5,U/mL,0,20,Serum,Immunology,
Anti-Histone Ab,11570-9,Units,0,1,Serum,Immunology,
Anti-Cardiolipin IgG,3181-4,GPL,0,15,Serum,Immunology,
Anti-Cardiolipin IgM,3182-2,MPL,0,12,Serum,Immunology,
EBV VCA IgG,20469-3,U/mL,0,18,Serum,Infectious,
EBV VCA IgM,20470-1,U/mL,0,36,Serum,Infectious,
CMV IgG,5124-3,AU/mL,0,6,Serum,Infectious,
CMV IgM,5126-8,Index,0,0.9,Serum,Infectious,
Lyme Antibody (Screen),10557-7,Index,0,0.9,Serum,Infectious,
Rubella IgG,5334-8,IU/mL,10,500,Serum,Infectious,
Total Cholesterol,2093-3,mg/dL,125,200,Serum,Lipids,
HDL Cholesterol,2085-9,mg/dL,40,60,Serum,Lipids,
LDL Cholesterol,13457-7,mg/dL,0,100,Serum,Lipids,
BNP (B-type Natriuretic Peptide),30934-4,pg/mL,0,100,Plasma,Cardiovascular,
NT-proBNP,33762-6,pg/mL,0,125,Serum,Cardiovascular,
Creatine Kinase (CK),2157-6,U/L,55,170,Serum,Cardiac/Muscle,
CK-MB,13969-1,ng/mL,0,5,Serum,Cardiac/Muscle,
Myoglobin,2639-9,ng/mL,0,85,Serum,Cardiac/Muscle,
High-Sensitivity CRP (hs-CRP),30522-7,mg/L,0,3,Serum,Inflammation,
Total Protein (Serum),2885-4,g/dL,6,8.3,Serum,Chemistry,
Globulin (Calculated),10834-0,g/dL,2,3.5,Serum,Chemistry,
A/G Ratio,1758-2,ratio,1.1,2.5,Serum,Chemistry,
Free T3,3030-4,pg/mL,2.3,4.2,Serum,Endocrine,
Reverse T3,3051-4,ng/dL,9,24,Serum,Endocrine,
Anti-TPO Antibodies,11581-6,IU/mL,0,34,Serum,Endocrine,
Anti-Thyroglobulin Ab,11571-7,IU/mL,0,116,Serum,Endocrine,
Prolactin,2842-1,ng/mL,4,23,Serum,Endocrine,
Estradiol,2243-1,pg/mL,30,400,Serum,Endocrine,
DHEA-S,2191-5,g/dL,80,560,Serum,Endocrine,
Lipase,3040-3,U/L,0,160,Serum,Gastroenterology,
Folate (Vitamin B9),2284-8,ng/mL,4.5,32.2,Serum,Nutrition,
Prealbumin,1929-1,mg/dL,15,36,Serum,Nutrition,
Serum Osmolality,2692-2,mOsm/kg,275,295,Serum,Metabolic,
Urine Osmolality,2695-5,mOsm/kg,50,1200,Urine,Urinalysis,
Fibrinogen,3255-7,mg/dL,200,400,Plasma,Coagulation,
Bleeding Time,3179-9,min,2,9,Blood,Coagulation,
Rheumatoid Factor (RF),11572-5,IU/mL,0,14,Serum,Immunology,
ANA Titer,42250-1,ratio,0,1:40,Serum,Immunology,
ASO Titer,1794-7,IU/mL,0,200,Serum,Infectious,
QuantiFERON-TB Gold,46217-6,Boolean,0,0,Blood,Infectious,
Microalbumin (Urine),14957-5,mg/dL,0,2,Urine,Urinalysis,
Bence-Jones Protein,21182-1,Boolean,0,0,Urine,Myeloma,
Transferrin Saturation,2502-3,%,15,50,Serum,Chemistry,
Ionized Calcium,12107-1,mg/dL,4.5,5.6,Blood,Chemistry,
Vitamin B2 (Riboflavin),2924-9,g/L,6.2,39,Blood,Metabolic,
Vitamin B3 (Niacin),2676-1,g/mL,0.5,8,Serum,Metabolic,
Vitamin B7 (Biotin),1902-1,pg/mL,221,700,Serum,Metabolic,
Vitamin K1,2244-9,ng/mL,0.1,2.2,Serum,Metabolic,
Amikacin (Trough),3324-1,g/mL,0,5,Serum,Toxicology/TDM,
Gentamicin (Trough),3662-4,g/mL,0,2,Serum,Toxicology/TDM,
Vancomycin (Trough),4092-3,g/mL,10,20,Serum,Toxicology/TDM,
Phenobarbital,3948-5,g/mL,15,40,Serum,Toxicology/TDM,
Phenytoin (Total),3968-3,g/mL,10,20,Serum,Toxicology/TDM,
Carbamazepine,3432-2,g/mL,4,12,Serum,Toxicology/TDM,
Acetaminophen Level,13190-4,g/mL,10,30,Serum,Toxicology/TDM,
BNP (B-type Natriuretic Peptide),30934-4,pg/mL,0,100,Plasma,Cardiology,
NT-proBNP,33762-6,pg/mL,0,125,Serum,Cardiology,
hs-CRP (High-Sensitivity),30522-7,mg/L,0,3,Serum,Cardiology/Inflammation,
FSH (Follicular Phase),15067-2,mIU/mL,3.5,12.5,Serum,Endocrine/Fertility,
FSH (Luteal Phase),15067-2,mIU/mL,1.7,7.7,Serum,Endocrine/Fertility,
LH (Follicular Phase),10501-5,mIU/mL,2.4,12.6,Serum,Endocrine/Fertility,
LH (Luteal Phase),10501-5,mIU/mL,1,11.4,Serum,Endocrine/Fertility,
Estradiol (Female Follicular),2243-1,pg/mL,30,120,Serum,Endocrine/Fertility,
Progesterone (Luteal Phase),2831-6,ng/mL,1.8,24,Serum,Endocrine/Fertility,
Prolactin (Female),2842-1,ng/mL,4.8,23.3,Serum,Endocrine/Fertility,
Prolactin (Male),2842-1,ng/mL,4,15,Serum,Endocrine/Fertility,
SHBG (Sex Hormone Binding Globulin),13967-5,nmol/L,10,80,Serum,Endocrine/Fertility,
DHEA-S,2191-5,g/dL,80,560,Serum,Endocrine,
Anti-TPO Antibodies,11581-6,IU/mL,0,34,Serum,Endocrine/Autoimmune,
Anti-Thyroglobulin Ab,11571-7,IU/mL,0,116,Serum,Endocrine/Autoimmune,
GGT (Gamma-Glutamyl Transferase),2324-2,U/L,8,61,Serum,Chemistry/Liver,
Lipase,3040-3,U/L,0,160,Serum,Chemistry/Pancreas,
Prealbumin,1929-1,mg/dL,15,36,Serum,Nutrition,
Folate (Vitamin B9),2284-8,ng/mL,4.5,32.2,Serum,Nutrition,
Vitamin B1 (Thiamine),6136-6,nmol/L,70,180,Blood,Nutrition,
Vitamin B2 (Riboflavin),2924-9,g/L,6.2,39,Blood,Nutrition,
Vitamin B6 (Pyridoxal 5-Phosphate),30552-4,nmol/L,20,125,Plasma,Nutrition,
Ceruloplasmin,2012-3,mg/dL,23,50,Serum,Chemistry,
Copper (Serum),1902-1,g/dL,100,200,Serum,Chemistry,
Zinc (Serum),3114-1,g/dL,75,140,Serum,Chemistry,
Sodium (Urine 24h),2956-1,mEq/24h,40,220,Urine,Urine Chemistry,
Potassium (Urine 24h),2828-2,mEq/24h,25,125,Urine,Urine Chemistry,
Chloride (Urine 24h),2078-4,mEq/24h,110,250,Urine,Urine Chemistry,
Calcium (Urine 24h),14631-6,mg/24h,100,300,Urine,Urine Chemistry,
Creatinine Clearance,2164-2,mL/min,80,130,Urine/Blood,Renal,
Microalbumin (Urine),14957-5,mg/dL,0,2,Urine,Renal,
Osmolality (Serum),2692-2,mOsm/kg,275,295,Serum,Metabolic,
Osmolality (Urine),2695-5,mOsm/kg,50,1200,Urine,Metabolic,
Lidocaine Level,3752-3,g/mL,1.5,5,Serum,Toxicology/TDM,
Phenobarbital Level,3948-5,g/mL,15,40,Serum,Toxicology/TDM,
Ethosuximide Level,3593-1,g/mL,40,100,Serum,Toxicology/TDM,
Lamotrigine Level,14850-2,g/mL,3,14,Serum,Toxicology/TDM,
Levetiracetam Level,31206-6,g/mL,12,46,Serum,Toxicology/TDM,
Vancomycin (Trough),4092-3,g/mL,10,20,Serum,Toxicology/TDM,
Gentamicin (Trough),3662-4,g/mL,0,2,Serum,Toxicology/TDM,
Theophylline Level,4134-3,g/mL,10,20,Serum,Toxicology/TDM,
Protein C Activity,27818-4,%,70,140,Plasma,Coagulation,
Protein S (Free),30237-2,%,60,140,Plasma,Coagulation,
Antithrombin III Activity,3173-2,%,80,120,Plasma,Coagulation,
Factor V Leiden Mutation,21668-9,Boolean,0,0,Blood,Genetics/Coagulation,
Homocysteine,13965-9,mol/L,0,15,Serum,Metabolic,
Methylmalonic Acid (Serum),3119-5,nmol/L,0,378,Serum,Nutrition,
Hepatitis E IgM Ab,49257-9,Boolean,0,0,Serum,Infectious,
Dengue Virus IgM,29531-1,Boolean,0,0,Serum,Infectious,
Zika Virus IgM,80826-1,Boolean,0,0,Serum,Infectious,
Influenza A/B (Rapid),6413-5,Boolean,0,0,Swab,Infectious,
Strep A Antigen (Rapid),6544-1,Boolean,0,0,Swab,Infectious,
Cystatin C,33863-2,mg/L,0.6,1,Serum,Renal,
Gastrin,2333-3,pg/mL,0,100,Serum,Gastroenterology,
Fecal Calprotectin,38445-3,g/g,0,50,Stool,Gastroenterology,
ANCA (C-ANCA/PR3),35345-8,U/mL,0,3.5,Serum,Immunology,
ANCA (P-ANCA/MPO),35346-6,U/mL,0,3.5,Serum,Immunology,
Anti-Double Stranded DNA (dsDNA),11566-7,IU/mL,0,30,Serum,Immunology,
Rheumatoid Factor (RF),11572-5,IU/mL,0,14,Serum,Immunology,
ASO Titer (Antistreptolysin O),1794-7,IU/mL,0,200,Serum,Infectious,
High-Sensitivity Troponin I (Male),89579-7,ng/L,0,20,Serum,Cardiovascular,
High-Sensitivity Troponin I (Female),89579-7,ng/L,0,15,Serum,Cardiovascular,
High-Sensitivity Troponin T (Male),67151-1,ng/L,0,15,Serum,Cardiovascular,
High-Sensitivity Troponin T (Female),67151-1,ng/L,0,10,Serum,Cardiovascular,
Parathyroid Hormone (Intact),2731-8,pg/mL,10,65,Serum,Endocrine,
17-Hydroxyprogesterone (Adult Male),1668-3,ng/dL,0,220,Serum,Endocrine,
17-Hydroxyprogesterone (Follicular),1668-3,ng/dL,20,100,Serum,Endocrine,
Kleihauer-Betke (Fetal Cells),38384-4,%,0,0.1,Blood,Maternal Health,
ABO Blood Grouping,883-9,category,0,0,Blood,Blood Bank,
Rh Factor (D Antigen),10331-7,category,0,0,Blood,Blood Bank,
Malaria Rapid Diagnostic Test (RDT),76772-3,Boolean,0,0,Blood,Infectious,
Malaria Microscopy (Parasite Count),44439-8,/L,0,0,Blood,Infectious,
Syphilis TPHA/TPPA,24312-1,Boolean,0,0,Serum,Infectious,
HIV NAT (Viral Load),20447-9,log copies/mL,0,0,Blood,Infectious,
Hepatitis B DNA (NAT),42415-0,IU/mL,0,0,Serum,Infectious,
Hepatitis C RNA (NAT),20443-8,IU/mL,0,0,Serum,Infectious,
Hepatitis E IgM Antibody,14212-5,Index,0,0.9,Serum,Infectious,
Hepatitis E IgG Antibody,49693-5,Index,0,0.9,Serum,Infectious,
TB Sputum Smear (AFB),11475-1,category,0,0,Sputum,Infectious,
TB GeneXpert (MTB/RIF),80061-5,Boolean,0,0,Sputum,Infectious,
Cholera (Vibrio cholerae RDT),43419-1,Boolean,0,0,Stool,Infectious,
Cryptococcal Antigen,29901-6,Boolean,0,0,Serum/CSF,Infectious,
Leishmania Antibody (rK39),32696-7,Boolean,0,0,Serum,Infectious,
Chagas Disease (T. cruzi IgG),13959-2,Boolean,0,0,Serum,Infectious,
HPV High-Risk DNA,77376-2,Boolean,0,0,Cervical,Oncology,
Alpha-fetoprotein (AFP - Tumor),1834-1,ng/mL,0,8.7,Serum,Oncology,
hCG (Total Beta - Tumor),45194-8,mIU/mL,0,5,Serum,Oncology,
Prostate Specific Antigen (PSA),2857-1,ng/mL,0,4,Serum,Oncology,
LDH (Lactate Dehydrogenase),2532-0,U/L,140,280,Serum,Oncology/General,
B-type Natriuretic Peptide (BNP),30934-4,pg/mL,0,100,Plasma,Cardiovascular,
Blood Lactate (POC),2524-7,mmol/L,0.5,2.2,Blood,Emergency,
Ketones (Urine),577-7,mg/dL,0,0,Urine,Metabolic,
Ketones (Blood - POC),21118-5,mmol/L,0,0.6,Blood,Metabolic,
Bilirubin (Neonatal Total),1975-2,mg/dL,1,12,Serum,Pediatric,
Hemoglobin S (Sickling Test),40645-4,Boolean,0,0,Blood,Hematology,
G6PD Activity,2340-8,U/g Hb,7,14,Blood,Hematology,
Fibrinogen,3255-7,mg/dL,200,400,Plasma,Coagulation,
Amikacin Level (Trough),3324-1,g/mL,1,8,Serum,TDM,
Gentamicin Level (Trough),3662-4,g/mL,0,2,Serum,TDM,
Lithium Level,3763-0,mmol/L,0.6,1.2,Serum,TDM,
Phenytoin Level (Total),3968-3,g/mL,10,20,Serum,TDM,
Valproic Acid Level,4086-5,g/mL,50,100,Serum,TDM,
Transferrin Saturation,2502-3,%,15,50,Serum,Nutrition,
Serum Folate (Vitamin B9),2284-8,ng/mL,4.5,32.2,Serum,Nutrition,
Vitamin A (Retinol),24316-2,g/dL,32.5,78,Serum,Nutrition,
Iodine (Urine),2479-5,g/L,100,199,Urine,Nutrition,
C-Reactive Protein (CRP),1988-5,mg/L,0,8,Serum,Inflammation,
Erythrocyte Sedimentation Rate (ESR),30341-2,mm/hr,0,20,Blood,Inflammation,
Antistreptolysin O (ASO),1794-7,IU/mL,0,200,Serum,Infectious,
Rheumatoid Factor (RF),11572-5,IU/mL,0,14,Serum,Immunology,
Free Phenytoin Level,4020-4,g/mL,1,2,Serum,Toxicology/TDM,
Vancomycin (Peak),4091-5,g/mL,20,40,Serum,Toxicology/TDM,
Voriconazole Trough,43703-8,g/mL,1,5,Serum,Toxicology/TDM,
Mycophenolic Acid (Trough),31034-2,g/mL,1,3.5,Plasma,Toxicology/TDM,
Sirolimus (Trough),29221-1,ng/mL,4,12,Blood,Toxicology/TDM,
Methotrexate (24h Level),3795-2,mol/L,0,5,Serum,Toxicology/TDM,
Clozapine Level,6933-6,ng/mL,350,600,Serum,Toxicology/TDM,
Amiodarone Level,3335-7,g/mL,1,2.5,Serum,Toxicology/TDM,
Theophylline Level,4134-3,g/mL,10,20,Serum,Toxicology/TDM,
Quinidine Level,4006-3,g/mL,2,5,Serum,Toxicology/TDM,
Fractional Excretion of Sodium (FeNa),44211-1,%,1,2,Urine/Blood,Renal,
Fractional Excretion of Urea (FEUrea),44213-7,%,35,100,Urine/Blood,Renal,
Urine Protein/Creatinine Ratio,2890-2,mg/g,0,150,Urine,Renal,
Cystatin C-based eGFR,82245-2,mL/min/1.73m2,90,120,Blood,Renal,
Urine Albumin (24h),2887-0,mg/24h,0,30,Urine,Renal,
Plasma Free Metanephrines,35364-9,nmol/L,0,0.5,Plasma,Endocrine,
Plasma Normetanephrine,35365-6,nmol/L,0,0.9,Plasma,Endocrine,
Aldosterone/Renin Ratio (ARR),31835-2,ratio,0,20,Plasma,Endocrine,
Total Testosterone (Male),2991-8,ng/dL,300,1000,Serum,Endocrine,
Free Testosterone (Male),2731-8,pg/mL,50,210,Serum,Endocrine,
Dexamethasone Suppression Test (Cortisol),2144-4,g/dL,0,1.8,Serum,Endocrine,
Vitamin B1 (Thiamine Pyrophosphate),6136-6,nmol/L,70,180,Blood,Nutrition,
Zinc (Serum),3114-1,g/dL,70,120,Serum,Nutrition,
Copper (Serum),2119-2,g/dL,70,150,Serum,Nutrition,
Selenium (Serum),2963-7,g/L,70,150,Serum,Nutrition,
Fecal Elastase,38487-5,g/g,200,500,Stool,Gastroenterology,
Alpha-1 Antitrypsin,1825-9,mg/dL,90,200,Serum,Pulmonary/Liver,
Anti-Saccharomyces cerevisiae (ASCA) IgA,24019-2,Units,0,20,Serum,Gastroenterology,
Gastrin (Fasting),2333-3,pg/mL,0,100,Serum,Gastroenterology,
Pro-calcitonin (Sepsis marker),33959-8,ng/mL,0,0.5,Serum,Infectious Disease,
Beta-D-Glucan (Fungal screen),43336-7,pg/mL,0,80,Serum,Infectious Disease,
Galactomannan Antigen (Aspergillus),10368-9,Index,0,0.5,Serum,Infectious Disease,
Factor V Leiden Mutation,21668-9,Boolean,0,0,Blood,Hematology,
Prothrombin G20210A Mutation,27734-3,Boolean,0,0,Blood,Hematology,
Lupus Anticoagulant (DRVVT Screen),15354-4,sec,0,45,Plasma,Hematology,
Hepatitis B e-Antigen (HBeAg),13953-5,Boolean,0,0,Serum,Infectious Disease,
Hepatitis B e-Antibody (Anti-HBe),7025-0,Boolean,0,0,Serum,Infectious Disease,
RBCs (Urine Microscopic),13945-1,/hpf,0,2,Urine,Urinalysis,
WBCs (Urine Microscopic),5821-4,/hpf,0,5,Urine,Urinalysis,
Crystals (Urine Microscopic),5792-7,Boolean,0,0,Urine,Urinalysis,
Casts (Urine Microscopic),5794-3,Boolean,0,0,Urine,Urinalysis,
Blood Culture (Aerobic),634-6,category,0,0,Blood,Microbiology,
Blood Culture (Anaerobic),635-3,category,0,0,Blood,Microbiology,
Wound Culture,632-0,category,0,0,Wound,Microbiology,
Cocaine Screen (Urine),19359-9,Boolean,0,0,Urine,Toxicology,
Amphetamines Screen (Urine),3349-8,Boolean,0,0,Urine,Toxicology,
THC (Cannabinoids) Screen (Urine),18282-4,Boolean,0,0,Urine,Toxicology,
Opiates Screen (Urine),3382-3,Boolean,0,0,Urine,Toxicology,
